Virus,Family,column_2,virion,Host,function,Viral protein,Receptor,Type,Host expression,Virus tropism,entry mode,column_12
Human JC polyomavirus,"Polyomaviridae,Polyomavirus",dsDNA,Non-env,Human,Entry,"VP1, P03089","Serotonin Receptor, P28223",Receptor,Neurons in central nervous system,"oligodendrocytes, astrocytes, B lymphocytes, and kidney epithelial cells",Clathrin-mediated endocytosis,
BK virus,"Polyomaviridae,Polyomavirus",dsDNA,Non-env,Human,Entry,"VP1, P03088","Ganglioside GD1b, CHEBI:28175",Glycosphingolipid,"Neurons,Ubiquitous",Salivary gland cells? kidney epithelial cells?,Caveolin-mediated endocytosis,
BK virus,"Polyomaviridae,Polyomavirus",dsDNA,Non-env,Human,Entry,"VP1, P03088","Ganglioside GT1b, CHEBI:60913",Glycosphingolipid,"Neurons,Ubiquitous",Salivary gland cells? kidney epithelial cells?,Caveolin-mediated endocytosis,
Human papillomavirus 16,"Papillomaviridae,Alphapapillomavirus",dsDNA,Non-env,Human,entry,"capsid protein L1, P03101","Integrinα6, P23229",Adhesion molecule,Bronchial epithelial cells,Genital mucosa,Clathrin/caveolin-independent endocytosis,
Herpes simplex virus type 1,HerpesviridaeSimplexvirus,dsDNA,Env,Human,Entry,"Envelope glycoprotein D, Q69091","Nectin 1(PVRL1), Q15223",Adhesion molecule,adherens junction ofepithelialtissue or the chemical synapse ofneurons,"neurons,epithelialmucosal cells",Fusion with host cell membrane,
Herpes simplex virus type 1,HerpesviridaeSimplexvirus,dsDNA,Env,Human,Entry,"Envelope glycoprotein D, Q69091","Nectin 2 (PVRL2), Q92692",Adhesion molecule,adherens junction ofepithelialtissue or the chemical synapse ofneurons,"neurons,epithelialmucosal cells",Fusion with host cell membrane,
Herpes simplex virus type 1,HerpesviridaeSimplexvirus,dsDNA,Env,Human,Entry,"Envelope glycoprotein D, Q69091","TNFRSF14 (HVEM), Q92956",Receptor,"Lymphocytes, monocytes","neurons, epithelial mucosal cells",Fusion with host cell membrane,
Herpes simplex virus type 1,HerpesviridaeSimplexvirus,dsDNA,Env,Human,Entry,"Envelope glycoprotein H/L, P06477, P10185","IntegrinαVβ6, P06756, P18564",Adhesion molecule,?,"neurons, epithelial mucosal cells",Fusion with host cell membrane,
Herpes simplex virus type 2,"Herpesviridae,Simplexvirus",dsDNA,Env,Human,Entry,"Envelope glycoprotein D, Q69467","TNFRSF14 (HVEM), Q92956",Receptor,"Lymphocytes, monocytes","epithelial mucosal cells of genital area, latency in sacral ganglion (neurons)",Fusion with host cell membrane,
Herpes simplex virus type 2,"Herpesviridae,Simplexvirus",dsDNA,Env,Human,Entry,"Envelope glycoprotein D, Q69467","Nectin 1(PVRL1), Q15223",Adhesion molecule,adherens junction ofepithelialtissue or the chemical synapse ofneurons,"epithelialmucosal cells of genital area, latency in sacral ganglion (neurons)",Fusion with host cell membrane,
Herpes simplex virus type 2,"Herpesviridae,Simplexvirus",dsDNA,Env,Human,Entry,"Envelope glycoprotein D, Q69467","Nectin 2 (PVRL2), Q92692",Adhesion molecule,adherens junction ofepithelialtissue or the chemical synapse ofneurons,"epithelialmucosal cells of genital area, latency in sacral ganglion (neurons)",Fusion with host cell membrane,
Varicella-zoster virus (HHV-3),"Herpesviridae,Varicellovirus",dsDNA,Env,Human,Entry,"Envelope glycoprotein E, P09259","Insulinase (IDE), P14735",Peptidase,neurons,"Starts in upper respiratory tract or conjunctival mucosal cell,  then T lymphoid cells, reaching liver, spleen, gastrointestinal tract. latency inneurons",Fusion with host cell membrane,
Epstein-Barr virus (HHV-4),"Herpesviridae,Lymphocryptovirus",dsDNA,Env,Human,Entry,"Envelope glycoprotein gH-gL, P03231, P03212","EPHA2, P29317PMID:",Receptor,epithelial cells,"B lymphocytes, oralepithelial cells",Fusion with host cell membrane,
Epstein-Barr virus (HHV-4),"Herpesviridae,Lymphocryptovirus",dsDNA,Env,Human,Entry,"Envelope glycoprotein gp42, P03205","HLA-DRB1, P01911",MHC-I,B lymphocytes,"B lymphocytes, oral epithelial cells",Fusion with host cell membrane,
Epstein-Barr virus (HHV-4),"Herpesviridae,Lymphocryptovirus",dsDNA,Env,Human,Entry,"Envelope glycoprotein BMRF2, P03192","Integrinβ1, P05556",Adhesion molecule,"Beta1: Salivary gland,epithelial cells?","B lymphocytes, oralepithelial cells",Fusion with host cell membrane,
Human cytomegalovirus (HHV-5),"Herpesviridae,Cytomegalovirus",dsDNA,Env,Human,Entry,"Envelope glycoprotein gH/gL, P12824, P16832","IntegrinαVβ3, P06756, P05106",Adhesion molecule,,"Epithelial cells, endothelial cells, fibroblasts, smooth muscle cells and megacaryocyte",Fusion with host cell membrane,
Human cytomegalovirus (HHV-5),"Herpesviridae,Cytomegalovirus",dsDNA,Env,Human,Entry,"Envelope glycoprotein gB, P06473","Integrinβ1, P05556, P05106",Adhesion molecule,Beta1: Salivary gland?,"Epithelial cells, endothelial cells, fibroblasts, smooth muscle cells and megacaryocyte",Fusion with host cell membrane,
Human herpesvirus 6A (HHV-6A),"Herpesviridae,Roseolovirus",dsDNA,Env,Human,Entry,"Envelope glycoprotein gQ1/gQ2, Q69572, P0DOE0","CD46, P15529",Receptor,Ubiquitous,T Lymphocytes,Fusion with host cell membrane,
Human herpesvirus 6B (HHV-6B),"Herpesviridae,Roseolovirus",dsDNA,Env,Human,Entry,"Envelope glycoprotein gQ1/gQ2, Q9QJ11, P0DOE1","TNFRSF4, P43489",Receptor,Lymphocytes,TLymphocytes,Fusion with host cell membrane,
Kaposi Sarcoma virus (HHV-8),"Herpesviridae,Rhadinovirus",dsDNA,Env,Human,Entry,"Envelope glycoprotein gB, F5HB81","IntegrinαVβ3, P06756",Adhesion molecule,?,"B lymphocytes, oral epithelial cells",Macropinocytosis,
Pseudorabies virus,"Herpesviridae,Varicellovirus",dsDNA,Env,Human,Entry,"Envelope glycoprotein gD, P07645","Poliovirus receptor (PVR), P15151",Adhesion molecule,adherens junction ofepithelialtissue or the chemical synapse ofneurons,"neurons,  nasal and oralepithelialcells",Fusion with host cell membrane,
Pseudorabies virus,"Herpesviridae,Varicellovirus",dsDNA,Env,Human,Entry,"Envelope glycoprotein gD, P07645","Nectin 1 (PVRL1), Q15223",Adhesion molecule,adherens junction ofepithelialtissue or the chemical synapse ofneurons,"neurons,  nasal and oralepithelialcells",Fusion with host cell membrane,
Pseudorabies virus,"Herpesviridae,Varicellovirus",dsDNA,Env,Human,Entry,"Envelope glycoprotein gD, P07645","Nectin 2 (PVRL2), Q92692",Adhesion molecule,adherens junction ofepithelialtissue or the chemical synapse ofneurons,"neurons,  nasal and oralepithelialcells",Fusion with host cell membrane,
Vaccinia virus,"Poxviridae,Orthopoxvirus",dsDNA,Env,Human,Entry,"virion membranephosphatidylserine, CHEBI:57262",?,?,?,"dendritic cells, monocytes/macrophages, B lymphocytes, activated T lymphocytes",Macropinocytosis,
Adenovirus type A,"Adenoviridae,Mastadenovirus",dsDNA,Non-env,Human,Entry,"Fiber protein, P36711","CXADR(CAR), P78310",Adhesion molecule,"Epithelialand endothial cell, heart, brain","epithelialcells in pharynx, lung, cornea",Clathrin-mediated endocytosis,
Adenovirus type F,"Adenoviridae,Mastadenovirus",dsDNA,Non-env,Human,Entry,"Fiber protein, P35774","CXADR(CAR), P18048",Adhesion molecule,"Epithelialand endothial cell, heart, brain","epithelialcells in pharynx, lung, cornea",Clathrin-mediated endocytosis,
Adenovirus type B,"Adenoviridae,Mastadenovirus",dsDNA,Non-env,Human,Entry,"Fiber protein, P35774","CD80, P33681",Adhesion molecule,"B cells, monocytes",epithelial cells,?,
Adenovirus type B,"Adenoviridae,Mastadenovirus",dsDNA,Non-env,Human,Entry,"Fiber protein, P35774","CD86, P42081",Adhesion molecule,"B lymphocytes, monocytes",epithelial cells,?,
Adenovirus type D Ad37,"Adenoviridae,Mastadenovirus",dsDNA,Non-env,Human,Entry,"Fiber protein, Q64823",Sialic acids,Carbohydrate,"Epithelial cells, blood cells, ubiquitous",corneal and genitalepithelial cells,?,
Adenovirus type D Ad37,"Adenoviridae,Mastadenovirus",dsDNA,Non-env,Human,Entry,"Fiber protein, Q64823","Ganglioside GD1a, CHEBI:18163",Glycosphingolipid,"Neurons,Ubiquitous",corneal and genital epithelial cells,?,
Adenovirus type B2 and Ad3,"Adenoviridae,Mastadenovirus",dsDNA,Non-env,Human,Entry,"Fiber protein, P04501","CD46, P15529",Receptor,Ubiquitous,?,?,
"Adenovirus type A, B, C, D and E","Adenoviridae,Mastadenovirus",dsDNA,Non-env,Human,Entry,"Penton protein, P03276","IntegrinαVβ5?, P08648, P18084",Adhesion molecule,?,"epithelial cells in pharynx, lung, cornea",Clathrin-mediated endocytosis,
Adeno-associated virus type 2,"Parvoviridae,Dependoparvovirus",ssDNA,Non-env,Human,Entry,"VP1, VP2 and VP3 capsid proteins, P03135","Laminin receptor(RPSA), P08865",Receptor,ubiquitous,"Muscles,Neurons,Hepatocytes",Clathrin-mediated endocytosis,
Adeno-associated virus type 2,"Parvoviridae,Dependoparvovirus",ssDNA,Non-env,Human,Entry,"VP1, VP2 and VP3 capsid proteins, P03135","AAVR (KIAA0319L), Q8IZA0",Receptor,Neurons?,"Muscles,Neurons,Hepatocytes",Clathrin-mediated endocytosis,
"Adeno-associated virus type 3,8 and 9","Parvoviridae,Dependoparvovirus",ssDNA,Non-env,Human,Entry,"VP1, VP2 and VP3 capsid proteins, Q65311","Laminin receptor(RPSA), P08865",Receptor,Ubiquitous,,Clathrin-mediated endocytosis,
Human parvovirusB19,"Parvoviridae,Erythrovirus",ssDNA,Non-env,Human,Entry,"VP1, VP2, P07299","Integrinα5β1, P05556",Adhesion molecule,Beta1: Salivary gland?,"erythroid progenitor cells, epithelial cells of lung",Clathrin-mediated endocytosis,
Human Rotavirus strain Wa,"Reoviridae,Rotavirus",dsRNA,Non-env,Human,Entry,"Outer capsid protein VP4, P11193","Integrinα2β1, P17301, P05556",Adhesion molecule,?,enterocytes at the top of intestinal villi,Clathrin-mediated endocytosis,
Mammalian reovirus,"Reoviridae,Orthoreovirus",dsRNA,Non-env,Human,Entry,"Outer capsid protein Sigma-1, P03528","JAM-A/F11R, Q9Y624, Carbohydrates",Adhesion molecule,?,neurons,Clathrin-mediated endocytosis,
Mammalian reovirus,"Reoviridae,Orthoreovirus",dsRNA,Non-env,Human,Entry,"Outer capsid protein Sigma-1, P03528","Integrinβ1, P05556",Adhesion molecule,?,"primary: enterocytes at the top of intestinal villi, secondary: neurons",Clathrin-mediated endocytosis,
Mammalian reovirus,"Reoviridae,Orthoreovirus",dsRNA,Non-env,Human,Entry,"Outer capsid protein Sigma-1, P03528","RTN4R(NgR1), Q9BZR6",Receptor,Neurons,"primary: enterocytes at the top of intestinal villi, secondary:neurons",Clathrin-mediated endocytosis,
Norwalk virus,"Caliciviridae,Norovirus",ss+RNA,Env,Human,Entry,"capsid protein VP1, Q83884","A/O Histo-blood group antigen (HBGA), CHEBI:140559",Carbohydrate,?,epithelial intestinal cells,?,
Coxsackievirus A9,"Picornaviridae,Enterovirus",ss+RNA,Non-env,Human,Entry,"Capsid protein VP1, VP2 and VP3, iprot/","IntegrinαVβ3, Q5MP50, P80746",Adhesion molecule,?,epithelial airway cells,Clathrin/caveolin-independent endocytosis,
Coxsackievirus A9,"Picornaviridae,Enterovirus",ss+RNA,Non-env,Human,Entry,"Capsid protein VP1, VP2 and VP3, Q5MP50","IntegrinαVβ6, P80746P18564",Adhesion molecule,?,epithelial airway cells,Clathrin/caveolin-independent endocytosis,
Coxsackievirus A21,"Picornaviridae,Enterovirus",ss+RNA,Non-env,Human,Entry,"Capsid protein VP1, VP2 and VP3, P22055","ICAM-1, P05362",Adhesion molecule,"Lungs, Lymphoid tissues, Kidney",epithelial airway cells,?,
Coxsackievirus B1 to B6,"Picornaviridae,Enterovirus",ss+RNA,Non-env,Human,Entry,"Capsid protein VP1, VP2 and VP3","CXADR(CAR), P78310",Adhesion molecule,"Epithelial and endothial cell,heart,brain","Brain,heart, pancreas",Caveolin-mediated endocytosis,
Japanese encephalitis virus,"Flaviviridae,Flavivirus",ss+RNA,Env,"Bovine, bird, horse, swine, mosquitoes and Human",Entry?,"Envelope protein E, P27395","DC-SIGN, Q9NNX6",Lectin,Dendritic cells,"Dendritic cells, Neurons",Clathrin independent endocytosis,
Japanese encephalitis virus,"Flaviviridae,Flavivirus",ss+RNA,Env,"Bovine, bird, horse, swine, mosquitoes and Human",Entry?,"Envelope protein E, P27395","CLEC4G (LSECtin), Q6UXB4",Lectin,"Dendritic cells, macrophages, sinusoidal endothelial cells of the liver and lymph node","Dendritic cells, Neurons",Clathrin independent endocytosis,
Dengue virus 1,"Flaviviridae,Flavivirus",ss+RNA,Env,"Human, mosquitoes",Entry,"Envelope protein E, P29990","Laminin receptor (RPSA)?, P08865",Receptor,Ubiquitous,"Macrophages,dendritic cells,hepatocytes,platelets","Clathrin-mediated endocytosis, orMacropinocytosis",
Dengue virus,"Flaviviridae,Flavivirus",ss+RNA,Env,"Human, mosquitoes",Alternative Entry,"virion membranephosphatidylserine, CHEBI:57262","HAVCR1(TIM1), Q96D42",Receptor,"Dendritic cells,macrophages, epithelial cells, mast cells, B lymphocytes, activated CD4+ cells, kidney,hepatocytes","Macrophages,dendritic cells,hepatocytes, platelets","Clathrin-mediated endocytosis, orMacropinocytosis",
Dengue virus,"Flaviviridae,Flavivirus",ss+RNA,Env,"Human, mosquitoes",Entry,"Small envelope protein M, P29990","CLDN1, O95832",Adhesion molecule,Epithelial cells,"Macrophages, dendritic cells, hepatocytes, platelets","Clathrin-mediated endocytosis, orMacropinocytosis",
Dengue virus,"Flaviviridae,Flavivirus",ss+RNA,Env,"Human, mosquitoes",Alternative Entry,"virion membranephosphatidylserine, CHEBI:57262","Tyro3 (TAM family), Q06418",Receptor,brain?,"Macrophages, dendritic cells, hepatocytes, platelets","Clathrin-mediated endocytosis, orMacropinocytosis",
Zika virus,"Flaviviridae,Flavivirus",ss+RNA,Env,"Human, mosquitoes",Entry,"virion membranephosphatidylserine, CHEBI:57262","Tyro3 (TAM family), Q06418",Receptor,brain?,"Macrophages, dendritic cells, keratinocytes",?,
Zika virus,"Flaviviridae,Flavivirus",ss+RNA,Env,"Human, mosquitoes",Entry,"virion membranephosphatidylserine, CHEBI:57262","AXL (TAM family), P30530",Receptor,"Dendritic cells,macrophages?","Macrophages,dendritic cells, keratinocytes",?,
Dengue virus,"Flaviviridae,Flavivirus",ss+RNA,Env,"Human, mosquitoes",Alternative Entry,"virion membranephosphatidylserine, CHEBI:57262","AXL (TAM family), P30530",Receptor,"Dendritic cells,macrophages?","Macrophages,dendritic cells, hepatocytes, platelets","Clathrin-mediated endocytosis, orMacropinocytosis",
"Echovirus E5, E6,E7, E9, E11, E13, E25, E29, E30, E31, and E32","Picornaviridae,Enterovirus",ss+RNA,Non-env,Human,Entry,"Capsid protein VP1, VP2 and VP3, O91734","Neonatal Fc receptor, P55899",Receptor,"Leukocytes, neutrophils,Epithelial cells","Primary:Epithelial cellsin pharynx or gastrointestinal tract, Mucosal M cells; Secondary: CNS, liver, spleen, bone marrow, heart, and lungs",Caveolin-mediated endocytosis,
Echovirus E1,"Picornaviridae,Enterovirus",ss+RNA,Non-env,Human,Entry,"Capsid protein VP1, VP2 and VP3, O91734","Integrinα2β1, P17301P05556",Adhesion molecule,,"Epithelial cells in pharynx or gastrointestinal tract, Mucosal M cells; Secondary: CNS, liver, spleen, bone marrow, heart, and lungs",Caveolin-mediated endocytosis,
Echovirus E8,"Picornaviridae,Enterovirus",ss+RNA,Non-env,Human,Entry,"Capsid protein VP1, VP2 and VP3, O91734","Integrinα2β1, P17301P05556",Adhesion molecule,,"Epithelial cells in pharynx or gastrointestinal tract, Mucosal M cells; Secondary: CNS, liver, spleen, bone marrow, heart, and lungs",?,
"Echovirus E6, E7, E11, E12, E20 and E21","Picornaviridae,Enterovirus",ss+RNA,Non-env,Human,Entry,"Capsid protein VP1, VP2 and VP3, Q66474","CD55 (DAF), P08174",Complement receptor,Ubiquitous,"epithelial cellsin pharynx or gastrointestinal tract, Mucosal M cells; Secondary: CNS, liver, spleen, bone marrow,heart, and lungs",,
Enterovirus 71,"Picornaviridae,Enterovirus",ss+RNA,Non-env,Human,Entry,"Capsid protein VP1, VP2 and VP3, Q66479","SCARB2, Q14108",Endosomal molecule,Ubiquitouscytoplasmic expression,"neurons,lymphocytes?",Clathrin-mediated endocytosis,
Enterovirus 71,"Picornaviridae,Enterovirus",ss+RNA,Non-env,Human,Entry,"Capsid protein VP1, VP2 and VP3, Q66479","SELPLG, Q14242",Adhesion molecule,Lymphocytes,"neurons,lymphocytes?",Caveolin-mediated endocytosis,
Hepatitis A virus,"Picornaviridae,Hepatovirus",ss+RNA,Non-env,Human,Entry,"Capsid protein VP1, VP2 and VP3, P14553","HAVCR1(TIM1), Q96D42",Receptor,"Dendritic cells, macrophages,epithelial cells, mast cells, Bcolorlymphocytes, activated CD4+ cells,kidney,hepatocytes","Hepatocytes,epitheliumin gastrointestinal tract, salivary glands, kidney,lymphocytes?",?,
Hepatitis C virus,"Flaviviridae,Hepacivirus",ss+RNA,Env,Human,Entry,"Envelope glycoprotein E1 and E2, P27958","LDLR, P01130",Receptor,"Gatrointestinal tract,liver, lung, adrenal glands",Hepatocytes,Clathrin-mediated endocytosis,
Crimean-Congo hemorrhagic fever virus (CCHFV),"Nairoviridae,Orthonairovirus",ss-RNA,Env,"Tick, vertebrate, Human",Entry,"Envelope glycoprotein, Q8JSZ3","LDLR, P01130",Receptor,"Gatrointestinal tract, liver, lung, adrenal glands,blood cells",Primary:dendritic cells,?,
Hepatitis C virus,"Flaviviridae,Hepacivirus",ss+RNA,Env,Human,Entry,"Envelope glycoprotein E1 and E2, P27958","CLDN1, O95832",Adhesion molecule,Epithelial cells,Hepatocytes,Clathrin-mediated endocytosis,
Hepatitis C virus,"Flaviviridae,Hepacivirus",ss+RNA,Env,Human,Entry,"Envelope glycoprotein E1 and E2, P27958","CD81?, P60033",Receptor,"hemopoietic, endothelial and epithelial cells",Hepatocytes,Clathrin-mediated endocytosis,
Hepatitis C virus,"Flaviviridae,Hepacivirus",ss+RNA,Env,Human,Entry,"Envelope glycoprotein E1 and E2, P27958","SCARB1?, Q8WTV0",Endosomal molecule,Ubiquitouscytoplasmic expression,Hepatocytes,Clathrin-mediated endocytosis,
Human coronavirus 229E,"Coronaviridae,Alphacoronavirus",ss+RNA,Env,Human,Entry,"Spike glycoprotein, P15423","ANPEP, P15144",Peptidase,"intestinal,lungand kidney epithelial cells, liver","epithelial airway cells, macrophages",Caveolin-mediated endocytosis,
Human coronavirus OC43,"Coronaviridae,Betacoronavirus",ss+RNA,Env,Human,Entry,"Spike glycoprotein, P36334","(alpha 2,3 or 2,6) 9-O-acetylated Sialic acids, CHEBI:28879",Carbohydrate,,epithelial airway cells,?,
Human parechovirus 1,"Picornaviridae,Parechovirus",ss+RNA,Non-env,Human,Entry,"Capsid protein VP1, VP2 and VP3, Q66578","IntegrinαVβ3, P06756P05106",Adhesion molecule,,epithelial cells in respiratory and gastro-intestinal tract,Clathrin/caveolin-independent endocytosis,
"Major receptor group, rhinovirus A-B (e.g.HRV14)","Picornaviridae,Enterovirus",ss+RNA,Non-env,Human,Entry,"Capsid protein VP1, VP2 and VP3, P03303",ICAM-1,Adhesion molecule,"Lungs, Lymphoid tissues, Kidney",Nasopharynx epithelial cells,Clathrin/caveolin-independent endocytosis,
"Minor receptor group, rhinovirus A-B (e.g.HRV2)","Picornaviridae,Enterovirus",ss+RNA,Non-env,Human,Entry,"Capsid protein VP1, VP2 and VP3, Q82122",LDLR family,Receptor,"adrenal gland, Liver,lung, gastroinstestinal tract",epithelial airway cells,Clathrin-mediated endocytosis,
Rhinovirus C,"Picornaviridae,Enterovirus",ss+RNA,Non-env,Human,Entry,"Capsid protein VP1, VP2 and VP3, P03303","CDHR3, Q6ZTQ4",Adhesion molecule,"Nasopharynx, Bronchus, salivary gland",Nasopharynx epithelial cells,?,
Enterovirus D68 (Rhinovirus 87),"Picornaviridae,Enterovirus",ss+RNA,Non-env,Human,Entry,"Envelope glycoprotein VP1, VP2 and VP3, Q68T42","ICAM5, Q9UMF0",Receptor,Brain (but not spinal cord or brain stem),"epithelial airway cells, Neurons (spinal cord, brain stem), astrocytes",?,
Enterovirus D68 (Rhinovirus 87),"Picornaviridae,Enterovirus",ss+RNA,Non-env,Human,Entry,"Envelope glycoprotein VP1, VP2 and VP3, Q68T42","MFSD6, Q6ZSS7",Receptor,Ubiquitous,"epithelial airway cells, Neurons (spinal cord, brain stem), astrocytes",?,
Poliovirus,"Picornaviridae,Enterovirus",ss+RNA,Non-env,Human,Entry,"Capsid protein VP1, VP2 and VP3, P03300","Poliovirus receptor (PVR), P15151",Adhesion molecule,adherens junction ofepithelial tissueor the chemical synapse ofneurons,"epithelial cellsin oropharyngeal and enteric tract,neurons",Clathrin/caveolin-independent endocytosisandCaveolin-mediated endocytosis,
Getah virus (GETV),"Togaviridae,Alphavirus",ss+RNA,Env,"Mosquitoes, Mammals, Human",Entry?,"Envelope glycoprotein E2, Q5Y388","LDLR, P01130",Receptor,"Gatrointestinal tract,liver, lung, adrenal glands",Unknown,Clathrin-mediated endocytosis,
Semliki Forest virus (SFV),"Togaviridae,Alphavirus",ss+RNA,Env,"Mosquitoes, Mammals, Human",Entry?,"Envelope glycoprotein E2, Q8JUX5","LDLR, P03315",Receptor,"Gatrointestinal tract,liver, lung, adrenal glands",Unknown,Clathrin-mediated endocytosis,
Ross River virus (RRV),"Togaviridae,Alphavirus",ss+RNA,Env,"Mosquitoes, Mammals, Human",Entry?,"Envelope glycoprotein E2, P08491","LDLR, P01130",Receptor,"Gatrointestinal tract,liver, lung, adrenal glands",Unknown,Clathrin-mediated endocytosis,
Bebaru virus (BEBV),"Togaviridae,Alphavirus",ss+RNA,Env,"Mosquitoes, Mammals, Human",Entry?,"Envelope glycoprotein E2, Q80S39","LDLR, P01130",Receptor,"Gatrointestinal tract,liver, lung, adrenal glands",Unknown,Clathrin-mediated endocytosis,
Chikungunya virus,"Togaviridae,Alphavirus",ss+RNA,Env,"Mosquitoes, Mammals, Human",Entry?,"Envelope glycoprotein E2, Q8JUX5","PHB1, P35232",?,Ubiquitous,"Skin, muscle, joint tissue",,
Chikungunya virus,"Togaviridae,Alphavirus",ss+RNA,Env,"Mosquitoes, Mammals, Human",Entry,"Envelope glycoprotein E2, Q8JUX5","MXRA8, Q9BRK3",Receptor,"Skin, muscle, Uterus, Kidney,fibroblast","Skin, muscle, joint tissue,fibroblast",,
Rubella virus,"Togaviridae,Alphavirus",ss+RNA,Env,Human,Entry,"Envelope glycoprotein E2, P07566","MOG, Q16653",Adhesion molecule,"Central nervous system, heart, muscle","Respiratory tract, ..",Clathrin-mediated endocytosis,
Sindbis virus,"Togaviridae,Alphavirus",ss+RNA,Env,"Mosquitoes, Bird, Human",Entry,"Envelope glycoprotein E2, P07566","Laminin receptor (RPSA), P08865",Receptor,Ubiquitous,?,Clathrin-mediated endocytosis,
Human MERS Coronavirus,"Coronaviridae,Betacoronavirus",ss+RNA,Env,"Human, bats, mammals",Entry,"Spike glycoprotein, K9N5Q8","DPP4, P27487",Peptidase,"Muscles,lung, kidneyTissue Distribution of the MERS-Coronavirus Receptor in BatsW. Widagdo, Lineke Begeman, Debby Schipper, Peter R. van Run, Andrew A. Cunningham, Nils Kley, Chantal B. Reusken, Bart L. Haagmans, Judith M. A. van den BrandSci Rep April 26, 2017; 7: 1193",Respiratory tract,?,
Human SARS Coronavirus,"Coronaviridae,Betacoronavirus",ss+RNA,Env,"Human, bats, mammals",Entry,"Spike glycoprotein, P59594","ACE2, Q9BYF1",peptidase,"Lung, small intestine,heart and the kidneys",Pneumocytes in the lungs and surface enterocytes in the small bowel,Clathrin-mediated endocytosis,
Human SARS coronavirus 2,"Coronaviridae,Betacoronavirus",ss+RNA,Env,"Human, bats, mammals",Entry,Spike glycoprotein,"ACE2, Q9BYF1",peptidase,"Lung, small intestine,heart and the kidneys","Lungs, and?",Clathrin-mediated endocytosis?,
Human coronavirus NL63,"Coronaviridae,Betacoronavirus",ss+RNA,Env,"Human, bats, mammals",Entry,"Spike glycoprotein, Q6Q1S2","ACE2, Q9BYF1",peptidase,"Lung, small intestine,heart and the kidneys","Lungs, and?",Clathrin-mediated endocytosis,
Venezuelan Equine Encephalitis (VEEV),"Togaviridae,Alphavirus",ss+RNA,Env,"Horse, Human",Entry,"Envelope glycoprotein E2, P36329","Laminin receptor (RPSA), P08865",Receptor,Ubiquitous,neuron,Clathrin-mediated endocytosis,
Venezuelan Equine Encephalitis (VEEV),"Togaviridae,Alphavirus",ss+RNA,Env,"Horse, Human",Entry,"Envelope glycoprotein E2, P36329","LDLRAD3, Q86YD5",Receptor,"Brain, skin, digestive tract",neuron,Clathrin-mediated endocytosis,
West Nile virus,"Flaviviridae,Flavivirus",ss+RNA,Env,"Birds, mosquitoes, Human",Entry,"virion membranephosphatidylserine?throughMFGE8bridging, CHEBI:57262, Q08431","IntegrinαVβ3?, P06756, P05106",Adhesion molecule,,"primary: Langerhans dendritic cells, secondary: Lymphocytes, kidney, spleen and liver",Clathrin-mediated endocytosis,
Ebolavirus,"Filoviridae,Filovirus",ss-RNA,Env,"Bats, mammals, human",Entry,"virion membranephosphatidylserine, CHEBI:57262","HAVCR1(TIM1), Q96D42",Receptor,"Dendritic cells,macrophages,epithelial cells, mast cells, B lymphocytes, activated CD4+ cells,kidney,hepatocytes","Primary:Dendritic cells,macrophages. Secondary:hepatocytes,kidneycells. splenocytes,  endothelial andepithelial cells",Macropinocytosis,
Ebolavirus,"Filoviridae,Filovirus",ss-RNA,Env,"Bats, mammals, human",Entry,"virion membranephosphatidylserine, CHEBI:57262","Tyro3 (TAM family), Q06418",Receptor,brain?,"Primary: Dendritic cells, macrophages. Secondary: hepatocytes, kidney cells. splenocytes,  endothelial and epithelial cells",Macropinocytosis?,
Ebolavirus,"Filoviridae,Filovirus",ss-RNA,Env,"Bats, mammals, human",Entry,"virion membranephosphatidylserine, CHEBI:57262","AXL (TAM family), P30530",Receptor,"Dendritic cells,macrophages?","Primary:Dendritic cells,macrophages. Secondary: hepatocytes, kidney cells. splenocytes,  endothelial and epithelial cells",Macropinocytosis?,
Ebolavirus,"Filoviridae,Filovirus",ss-RNA,Env,"Bats, mammals, human",Entry in endosome,"Glycoprotein, Q05320","NPC1, O15118",Receptor,"Mainlymacrophages,dendritic cells, and adrenal gland","Primary:Dendritic cells,macrophages. Secondary: hepatocytes, kidney cells. splenocytes,  endothelial and epithelial cells",Macropinocytosis,
Marburg virus,"Filoviridae,Filovirus",ss-RNA,Env,"Bats, mammals, human",Entry,"virion membranephosphatidylserine, CHEBI:57262","HAVCR1(TIM1), Q96D42",Receptor,"Dendritic cells,macrophages,epithelial cells, mast cells, B lymphocytes, activated CD4+ cells, kidney, hepatocytes","Primary:Dendritic cells,macrophages. Secondary: endothelial andepithelial cells",Macropinocytosis,
Sin nombre virus,"Bunyaviridae,Hantavirus",ss-RNA,Env,"Rodents, Human",Entry,"Glycoprotein G, Q89905","PCDH1, Q08174",Adhesion molecule,?,Respiratory tract,,
Andes virus,"Bunyaviridae,Hantavirus",ss-RNA,Env,"Rodents, Human",Entry,"Glycoprotein G, Q80DP7","PCDH1, Q08174",Adhesion molecule,?,Respiratory tract,,
Hantaan virus,"Bunyaviridae,Hantavirus",ss-RNA,Env,"Rodents, Human",Entry,"Glycoprotein G, P08668","Integrin β3, P05106",Adhesion molecule,?,?,Clathrin-mediated endocytosis,
Uukuniemi virus,"Bunyaviridae,Phlebovirus",ss-RNA,Env,"Mosquitoes, cattle, Human",Entry,"Envelope glycoprotein, P09613","DC-SIGN, Q9NNX6",Lectin,Dendritic cells,Primary:dendritic cells,?,
Rift fever valley virus,"Bunyaviridae,Phlebovirus",ss-RNA,Env,"Mosquitoes, cattle, Human",Entry,"Envelope glycoprotein, P21401","DC-SIGN, Q9NNX6",Lectin,Dendritic cells,Primary:dendritic cells,?,
Human Influenza A virus,"Orthomyxoviridae,Influenza A virus",ss-RNA,Env,"Human, Swine",Entry,"Hemagglutinin HA, P03437","Ganglioside GM3, CHEBI:84118",Glycosphingolipid,"Neurons,Ubiquitous","epithelial airway cells, myotubes?",Clathrin-mediated endocytosis[any cells] andClathrin/caveolin-independent endocytosis[in nonpolarized cells]Macropinocytosis[filamentous virion],
Human Influenza A virus,"Orthomyxoviridae,Influenza A virus",ss-RNA,Env,"Human, Swine",Entry,"Hemagglutinin HA, P03437","CACNA1C  (Cav1.2), Q13936",,"Lung, Muscle, Brain, Kidney, Gastrointestinal tract.","epithelial airway cells, myotubes?",Clathrin-mediated endocytosis[any cells] andClathrin/caveolin-independent endocytosis[in nonpolarized cells]Macropinocytosis[filamentous virion],
Human Influenza A virus,"Orthomyxoviridae,Influenza A virus",ss-RNA,Env,"Human, Swine",Entry,"Hemagglutinin HA, P03437","LangerinCD207, Q9UJ71",Lectin,Langerhans cells and immature dendritic cells in skin or mucosa,"epithelial airway cells, myotubes?",Clathrin-mediated endocytosis[any cells] andClathrin/caveolin-independent endocytosis[in nonpolarized cells]Macropinocytosis[filamentous virion],
Human Influenza A virus,"Orthomyxoviridae,Influenza A virus",ss-RNA,Env,"Human, Swine",Entry,"Hemagglutinin HA, P03437","NeuAc alpha 2,6 Sialic acids, CHEBI:49026",Carbohydrate,epithelial airway cells,"epithelial airway cells, myotubes?",Clathrin-mediated endocytosis[any cells] andClathrin/caveolin-independent endocytosis[in nonpolarized cells]Macropinocytosis[filamentous virion],
Influenza B virus,"Orthomyxoviridae,Influenza B virus",ss-RNA,Env,"Human, seals",Entry,"Hemagglutinin HA, P03460","alpha 2,6 Sialic acids",Carbohydrate,?,epithelial airway cells,?,
Influenza C virus,"Orthomyxoviridae,Influenza C virus",ss-RNA,Env,"Human, swine",Entry,"Hemagglutinin-esterase-fusion glycoprotein HE, P07975","(alpha 2,3 or 2,6) 9-O-acetylated Sialic acids",Carbohydrate,?,?,,
Bovine Influenza D virus,"Orthomyxoviridae,Influenza D virus",ss-RNA,Env,"Human, Swine",Entry,"Hemagglutinin-esterase glycoprotein HE, K9LG83","Neu5,9Ac2Sialic acids",Carbohydrate,epithelial airway cells,epithelial airway cells,?,
Guanarito virus,"Arenaviridae,Arenavirus",ss-RNA,Env,"Rodent, human",Entry,"Glycoprotein complex, P26313","Transferin receptor (TFRC), P02786, P02786",Receptor,"Monocytes, lymphocytes, erythrocytes","Vascular system, multiple organs",Clathrin-mediated endocytosis,
Junin virus,"Arenaviridae,Arenavirus",ss-RNA,Env,"Rodent, human",Entry,", Glycoprotein complex","Transferin receptor (TFRC), P02786, P02786",Receptor,"Monocytes, lymphocytes, erythrocytes",macrophages,Clathrin-mediated endocytosis,
Human metapneumovirus,"Paramyxoviridae, metapneumovirus",ss-RNA,Env,Human,Entry,"Fusion protein, Q6WB98","Integrinα5β3?, P08648, P05106",Adhesion molecule,?,epithelial cells of lung,?,
Human parainfluenza 1,"Paramyxoviridae, Respirovirus",ss-RNA,Env,Human,Entry,"Hemagglutinin-neuraminidase HN, P16071","alpha 2,3 Sialic acids, CHEBI:49026",Carbohydrate,?,trachea epithelial cells,?,
Human parainfluenza 3,"Paramyxoviridae, Respirovirus",ss-RNA,Env,Human,Entry,"Hemagglutinin-neuraminidase HN, P12564","alpha2,6 and 2,3 Sialic acids, CHEBI:49026",Carbohydrate,,lower respiratory epithelial cells,?,
Lassa virus,"Arenaviridae,Arenavirus",ss-RNA,Env,"Rodents, Human",Entry?,"Glycoprotein complex, P08669","α-dystroglycan, Q14118",Adhesion molecule,"Muscle, skin, and many tissues","Dendritic cells, liver",Macropinocytosis?,
Lassa virus,"Arenaviridae,Arenavirus",ss-RNA,Env,"Rodents, Human",Entry?,"Glycoprotein complex, P08669","HAVCR1(TIM1), Q96D42",Receptor,"Dendritic cells, macrophages, epithelial cells, mast cells, B lymphocytes, activated CD4+ cells, kidney,hepatocytes","Dendritic cells,liver",Macropinocytosis?,
Lymphocytic choriomeningitis virus,"Arenaviridae,Arenavirus",ss-RNA,Env,"Rodents, Human",Entry?,"Glycoprotein complex, P09991","α-dystroglycan, Q14118",Adhesion molecule,"Muscle, skin, and many tissues",Dendritic cells,Macropinocytosis?,
Lymphocytic choriomeningitis virus,"Arenaviridae,Arenavirus",ss-RNA,Env,"Rodents, Human",Entry?,"Glycoprotein complex, P09991","CLEC4G (LSECtin), Q6UXB4",lectin,"Dendritic cells, macrophages, sinusoidal endothelial cells of the liver and lymph node",Dendritic cells,Macropinocytosis?,
Lymphocytic choriomeningitis virus,"Arenaviridae,Arenavirus",ss-RNA,Env,"Rodents, Human",Entry?,"virion membranephosphatidylserine, CHEBI:57262","Tyro3 (TAM family), Q06418",Receptor,brain?,Dendritic cells,Macropinocytosis?,
Lymphocytic choriomeningitis virus,"Arenaviridae,Arenavirus",ss-RNA,Env,"Rodents, Human",Entry?,"virion membranephosphatidylserine, CHEBI:57262","AXL (TAM family), P30530",Receptor,"Dendritic cells, macrophages?",Dendritic cells,Macropinocytosis?,
Machupo virus,"Arenaviridae,Arenavirus",ss-RNA,Env,"Rodent, Human",Entry,"Glycoprotein complex, P26313","Transferin receptor (TFRC), P02786",Receptor,"Monocytes, lymphocytes, erythrocytes",?,Clathrin-mediated endocytosis,
Measles virus,"Paramyxoviridae,Morbilivirus",ss-RNA,Env,Human,Entry,"Hemagglutinin, P35971","SLAMF1, Q13291",Receptor,Lymphocytes,"Primary: Dendritic cells, secondary:lymphocytesand  neurons, tertiary:airway epithelial cells",Fusion with host cell membrane,
Measles virus,"Paramyxoviridae,Morbilivirus",ss-RNA,Env,Human,Entry,"Hemagglutinin, P35971","Nectin 4 (PVRL4), Q96NY8",Adhesion molecule,adherens junction of epithelial tissue or the chemical synapse ofneurons,"Primary: Dendritic cells, secondary:lymphocytes andneurons, tertiary:airway epithelial cells",Fusion with host cell membrane,
Nipah virus,"Paramyxoviridae,Henipavirus",ss-RNA,Env,"Bats, Human",Entry,"Glycoprotein G, Q9IH62","EFNB2, P52799",Receptor,endothelial cells and neurons,endothelial cells and neurons,Clathrin-mediated endocytosis,
Nipah virus,"Paramyxoviridae,Henipavirus",ss-RNA,Env,"Bats, Human",Entry,"Glycoprotein G, Q9IH62","EFNB3, Q15768",Receptor,neurons,endothelial cells andneurons,Clathrin-mediated endocytosis,
Hendra virus,"Paramyxoviridae,Henipavirus",ss-RNA,Env,"Bats, Horse, Human",Entry,"Glycoprotein G, O89343","EFNB2, P52799",Receptor,endothelial cells and neurons,endothelial cells and neurons,Clathrin-mediated endocytosis,
Hendra virus,"Paramyxoviridae,Henipavirus",ss-RNA,Env,"Bats, Horse, Human",Entry,"Glycoprotein G, O89343","EFNB3, Q15768",Receptor,neurons,endothelial cells andneurons,Clathrin-mediated endocytosis,
Rabies virus,"Rhabdoviridae,Lyssavirus",ss-RNA,Env,"Human, mammals",Entry,"Glycoprotein G, P08667",nAChR?,Receptor,neurons,"neurons, salivary glands",Clathrin-mediated endocytosis,
Rabies virus,"Rhabdoviridae,Lyssavirus",ss-RNA,Env,"Human, mammals",Entry,"Glycoprotein G, P08667","NCAM1, P13591",Adhesion molecule,"neurons, glia, skeletal muscle and natural killer cells","neurons, salivary glands",Clathrin-mediated endocytosis,
Vesicular stomatitis virus,"Rhabdoviridae,Vesiculovirus",ss-RNA,Env,"Sandflies, Mammals, Human",Entry,"Glycoprotein, P03522","LDLR family, P01130",Receptor,"adrenal gland, Liver, lung, gastroinstestinal tract, blood cells",?,Clathrin-mediated endocytosis,
HIV-1,"Retroviridae,lentivirus",RT,Env,Human,Entry,"Envelope gp120, P03377","CCR5, P51681",Receptor,"T-lymphocytes, macrophages, dendritic cells",T-lymphocytes,Clathrin-mediated endocytosis,
HIV-1,"Retroviridae,lentivirus",RT,Env,Human,Entry,"Envelope gp120, P03377","CXCR4, P61073",Receptor,Lymphocytes,T-lymphocytes,Clathrin-mediated endocytosis,
